0105,1,1,0
0286,1,1,1
0337,1,1,2
04,2,1,3
0438,1,1,4
05,2,1,5
05/50/00,1,1,6
0503,1,1,7
0550edt,1,1,8
0585,1,1,9
06,4,2,10
06/12/00,1,1,12
0612est,1,1,13
0712,1,1,14
0733,1,1,15
0739,1,1,16
0742,1,1,17
0745,2,2,18
08/36/00,1,1,20
0836est,1,1,21
0847,1,1,22
0863,1,1,23
09/04/00,1,1,24
09/20/00,1,1,25
0904est,1,1,26
0920edt,1,1,27
10,26,10,28
10/17/1998,4,4,38
10/18/1998,1,1,42
10/29/00,1,1,43
1029edt,1,1,44
1047,1,1,45
1064,1,1,46
10th,2,1,47
10thld,1,1,48
11,12,8,49
11/04/1998,1,1,57
11/05/1998,1,1,58
11/06/1998,2,2,59
11/21/00,1,1,61
110,1,1,62
1102,1,1,63
1121est,1,1,64
12,1,1,65
12/15/00,1,1,66
12/48/00,1,1,67
1215edt,1,1,68
1248edt,1,1,69
12th,1,1,70
13,4,2,71
13th,1,1,73
14,1,1,74
14th,1,1,75
16,2,2,76
16/00,1,1,78
1600edt,1,1,79
17,15,8,80
17/52,1,1,88
1752edt,1,1,89
18,14,5,90
18/49,1,1,95
1849edt,1,1,96
1961,1,1,97
1970,2,2,98
1973,11,8,100
1976,8,5,108
1978,1,1,113
1980,1,1,114
1980s,1,1,115
1982,1,1,116
1983,5,5,117
1990,5,5,122
1996,4,4,127
1997,3,3,131
1998,5,5,134
1st,2,1,139
1stl,1,1,140
1stld,2,2,141
20,1,1,143
20/34,1,1,144
200,1,1,145
2034edt,1,1,146
21,2,2,147
21/12,1,1,149
2112edt,1,1,150
224,1,1,151
23,1,1,152
24,1,1,153
25,1,1,154
26,1,1,155
2nd,1,1,156
30,1,1,157
3000,3,3,158
31,3,3,161
3197,2,2,164
32,1,1,166
35,1,1,167
40,1,1,168
4000,2,2,169
4th,2,1,171
4thld,1,1,172
5000,1,1,173
560amp;add,2,1,174
570amp;ad,1,1,175
570amp;add,1,1,176
5th,3,2,177
5thld,1,1,179
6002take,1,1,180
680amp;ad,1,1,181
680amp;add,1,1,182
6th,2,1,183
6thld,1,1,184
78,1,1,185
80,1,1,186
80s,2,2,187
82,6,6,189
83,5,3,195
8th,2,1,198
8thld,1,1,199
9/45,2,2,200
90,2,2,202
98,14,14,204
a.m,2,2,218
a2777,1,1,220
a3421,1,1,221
a3456,1,1,222
a3531,1,1,223
a3584,1,1,224
abbreviated,1,1,225
abducted,1,1,226
abdul,1,1,227
abel,2,2,228
abide,1,1,230
able,2,1,231
about,19,11,232
abroad,3,3,243
absolute,1,1,246
absorb,1,1,247
abuse,1,1,248
abuser,1,1,249
abuses,2,2,250
acceding,1,1,252
accept,1,1,253
accepted,1,1,254
accord,5,2,255
accorded,1,1,257
according,1,1,258
account,1,1,259
accredited,2,2,260
accused,10,6,262
accusers,1,1,268
across,1,1,269
act,4,3,270
acting,3,3,273
action,7,6,276
active,1,1,282
activities,1,1,283
activity,1,1,284
add,1,1,285
added,2,2,286
adding,1,1,288
additional,1,1,289
adds,1,1,290
administration,1,1,291
adopted,2,2,292
adviser,3,2,294
affair,1,1,296
affecting,1,1,297
afforded,1,1,298
afghanistan,7,1,299
africa,1,1,300
after,21,9,301
against,31,11,310
agency,2,1,321
agent,2,2,322
ago,3,3,324
agreed,1,1,327
agreement,13,3,328
aid,1,1,331
aide,2,2,332
aires,2,2,334
al,1,1,336
alan,1,1,337
all,11,8,338
allegation,3,3,346
allege,1,1,349
alleged,6,4,350
allegedly,2,2,354
allende,6,5,356
allow,2,2,361
allowed,2,2,363
ally,1,1,365
along,2,2,366
alongside,1,1,368
already,3,3,369
also,25,11,372
alter,1,1,383
although,1,1,384
alun,1,1,385
ambassador,4,3,386
ambiguous,1,1,389
america,5,4,390
american,14,7,394
americansummit,1,1,401
amnesty,10,4,402
among,3,2,406
ams,1,1,408
amusement,1,1,409
an,4,3,410
analyst,1,1,413
ancient,1,1,414
and,1,1,415
ann,1,1,416
announced,3,3,417
annulled,2,2,420
anonymity,1,1,422
anonymously,1,1,423
another,13,10,424
ansar,1,1,434
anti,3,3,435
anticipating,1,1,438
any,7,4,439
anything,1,1,443
anywhere,2,2,444
ap,18,9,446
apparent,2,2,455
apparently,1,1,457
appear,1,1,458
appease,1,1,459
applauded,1,1,460
apprehend,1,1,461
approved,1,1,462
approximately,1,1,463
april,1,1,464
apw19981017.0151,1,1,465
apw19981017.0306,1,1,466
apw19981017.0477,1,1,467
apw19981017.0507,1,1,468
apw19981018.0410,1,1,469
apw19981104.0772,1,1,470
apw19981105.0282,1,1,471
apw19981106.0520,1,1,472
apw19981106.0572,1,1,473
arab,4,2,474
arafat,6,2,476
are,25,10,478
area,5,3,488
argentina,27,7,491
argentine,2,2,498
argued,2,1,500
arguing,3,2,501
argument,1,1,503
arm,4,3,504
armed,5,4,507
armored,1,1,511
army,5,5,512
around,2,2,517
arrangement,1,1,519
arrest,42,10,520
arrested,13,9,530
arrived,2,2,539
arrogant,1,1,541
artaza,4,2,542
as,5,5,544
asked,4,3,549
assailant,7,2,552
asserting,1,1,554
assessment,1,1,555
assigning,1,1,556
assist,1,1,557
associated,7,7,558
association,1,1,565
at,37,11,566
atrocity,2,1,577
attack,16,4,578
attacks,1,1,582
attempting,1,1,583
attending,4,3,584
attn,1,1,587
aug,3,2,588
august,2,2,590
augusto,12,10,592
authoritarian,1,1,602
authorities,1,1,603
authority,26,9,604
authorized,2,2,613
avoid,1,1,615
awaiting,1,1,616
away,11,4,617
aznar,3,1,621
back,7,5,622
backed,1,1,627
background,2,2,628
bag,2,1,630
bakery,2,2,631
balkan,1,1,633
baltasar,6,6,634
bank,4,2,640
bar,5,2,642
barbed,2,1,644
bare,2,2,645
barricade,2,2,647
based,6,3,649
basi,1,1,652
basque,1,1,653
bassit,1,1,654
bc,28,14,655
be,30,10,669
bear,1,1,679
bearing,1,1,680
became,1,1,681
because,6,4,682
become,1,1,686
been,30,12,687
before,7,5,699
began,4,3,704
beggar,2,2,707
begin,1,1,709
behavior,1,1,710
behind,2,2,711
being,9,7,713
believed,1,1,720
below,1,1,721
bench,1,1,722
benefit,1,1,723
benefited,1,1,724
benjamin,2,2,725
between,5,5,727
bill,2,2,732
bin,16,2,734
binding,1,1,736
binladen,1,1,737
bitter,1,1,738
black,2,2,739
blackmail,2,2,741
blair,3,2,743
blairs,2,1,745
blame,1,1,746
blamed,1,1,747
blast,7,2,748
blew,3,2,750
block,2,2,752
blocking,1,1,754
blood,2,2,755
bloody,3,3,757
blue,1,1,760
body,4,3,761
bodyguard,1,1,764
bomb,4,2,765
bomber,1,1,767
bombing,7,4,768
bonn,2,1,772
border,3,3,773
bosnian,1,1,776
both,4,3,777
box,1,1,780
brazil,1,1,781
bread,2,2,782
break,1,1,784
breakfast,1,1,785
breaking,1,1,786
brick,1,1,787
bridge,3,3,788
bring,1,1,791
britain,33,9,792
british,39,9,801
broad,2,2,810
broadcast,2,1,812
broadcasting,1,1,813
broaden,1,1,814
broke,2,2,815
brought,1,1,817
brutal,1,1,818
bueno,2,2,819
buergenthal,2,1,821
buffone,2,1,822
building,2,1,823
bunting,1,1,824
burned,1,1,825
bus,1,1,826
busiest,2,2,827
business,4,4,829
but,45,12,833
buy,2,2,845
by,12,12,847
byline,1,1,859
c.1998,5,5,860
cabinet,12,3,865
call,1,1,868
called,3,3,869
calling,3,3,872
calm,1,1,875
came,2,2,876
camp,1,1,878
campaign,4,4,879
can,10,5,883
candidate,3,1,888
cannon,1,1,889
cannot,3,3,890
cant,3,2,893
capital,2,2,895
capture,2,1,897
car,8,2,898
cardboard,1,1,900
career,1,1,901
carlo,1,1,902
carried,2,1,903
carrier,1,1,904
carry,3,3,905
carrying,1,1,908
case,16,5,909
cases,2,2,914
cast,1,1,916
castellon,7,4,917
castro,12,2,921
casualty,2,2,923
cautious,1,1,925
celebrating,1,1,926
cement,1,1,927
center,2,2,928
central,2,1,930
century,2,2,931
certainly,1,1,933
chair,1,1,934
challenge,1,1,935
challenged,1,1,936
chance,1,1,937
charge,6,5,938
charged,2,2,943
charges,2,2,945
charney,1,1,947
charred,2,2,948
charter,2,2,950
checked,1,1,952
chief,7,7,953
children,1,1,960
chile,52,10,961
chilean,35,10,971
christian,1,1,981
citizen,11,7,982
city,2,2,989
civil,1,1,991
civilian,3,2,992
claim,1,1,994
claimed,2,2,995
claims,1,1,997
clarification,2,2,998
class,1,1,1000
clause,5,2,1001
clear,5,4,1003
clearly,1,1,1007
clerk,1,1,1008
clifford,2,2,1009
clinic,6,3,1011
clinton,2,2,1014
clips,1,1,1016
close,1,1,1017
closer,2,2,1018
cloud,1,1,1020
clywd,2,1,1021
coalition,1,1,1022
cohen,1,1,1023
collaborated,1,1,1024
colleague,1,1,1025
columbia,1,1,1026
coming,2,2,1027
command,4,3,1029
commander,4,4,1032
comment,6,6,1036
commitment,2,2,1042
committed,9,5,1044
committee,2,2,1049
communism,1,1,1051
communist,3,1,1052
company,1,1,1053
compared,1,1,1054
complained,1,1,1055
complainging,1,1,1056
complaining,1,1,1057
complex,1,1,1058
complicating,1,1,1059
compound,1,1,1060
concern,2,2,1061
conclude,1,1,1063
condemned,4,2,1064
condition,1,1,1066
condor,5,4,1067
confirm,2,2,1071
confirming,1,1,1073
confronted,1,1,1074
confused,1,1,1075
conn,1,1,1076
connection,1,1,1077
consciousness,1,1,1078
conservative,3,2,1079
consider,1,1,1081
considered,3,2,1082
consistently,1,1,1084
consolingly,1,1,1085
conspiring,1,1,1086
constituency,1,1,1087
constitution,5,5,1088
construction,3,2,1093
consulate,2,2,1095
contempt,1,1,1097
contend,2,2,1098
contention,3,2,1100
continued,2,2,1102
continuing,1,1,1104
contractor,1,1,1105
controversial,2,2,1106
controversy,1,1,1108
convention,5,4,1109
cook,1,1,1113
cooperate,1,1,1114
cooperated,1,1,1115
cooperation,1,1,1116
coordinated,2,2,1117
corbyn,1,1,1119
corp,1,1,1120
corpse,2,2,1121
corruption,1,1,1123
could,9,5,1124
couldnt,1,1,1129
council,3,3,1130
counterdemonstrator,1,1,1133
countries,1,1,1134
country,15,6,1135
coup,4,4,1141
course,2,2,1145
court,16,7,1147
courts,1,1,1154
cover,1,1,1155
covered,4,3,1156
covering,2,2,1159
cowell,1,1,1161
crackdown,2,2,1162
crawled,2,2,1164
created,1,1,1166
creating,2,2,1167
credible,1,1,1169
crime,22,6,1170
crimes,2,1,1176
criminal,9,5,1177
critic,1,1,1182
critical,1,1,1183
criticized,3,2,1184
crowd,6,2,1186
crowded,4,2,1188
cruel,1,1,1190
cruise,1,1,1191
crusade,1,1,1192
cti,9,9,1193
cuba,2,2,1202
current,2,2,1204
currently,1,1,1206
custom,1,1,1207
cutler,1,1,1208
cx11,14,14,1209
cx13,14,14,1223
cx1f,14,14,1237
damage,1,1,1251
damrosch,1,1,1252
dangerous,1,1,1253
date,9,7,1254
david,2,2,1261
day,10,7,1263
dead,3,2,1270
deals,1,1,1272
death,9,6,1273
debate,1,1,1279
dec,3,3,1280
decade,1,1,1283
december,2,2,1284
decide,2,1,1286
decided,2,2,1287
decidedly,1,1,1289
deciding,1,1,1290
decisions,2,2,1291
decisive,1,1,1293
declined,3,2,1294
deeply,1,1,1296
defense,4,3,1297
deflect,1,1,1300
delicate,1,1,1301
demanded,6,5,1302
demanding,1,1,1307
democrat,1,1,1308
democratically,1,1,1309
demonstration,1,1,1310
demonstrator,2,2,1311
deny,1,1,1313
denying,1,1,1314
department,1,1,1315
depend,2,2,1316
dependent,1,1,1318
described,1,1,1319
despite,2,2,1320
despot,1,1,1322
destruction,2,2,1323
detail,2,2,1325
details,1,1,1327
detain,2,2,1328
detained,2,2,1330
detainee,1,1,1332
detention,5,3,1333
determined,1,1,1336
devastating,1,1,1337
devil,1,1,1338
diane,1,1,1339
dictator,16,10,1340
dictatorial,1,1,1350
dictatorship,5,5,1351
did,4,4,1356
died,1,1,1360
different,1,1,1361
difficulty,1,1,1362
dimension,1,1,1363
diplomat,1,1,1364
diplomatic,26,9,1365
diplomats,1,1,1374
direct,1,1,1375
directed,1,1,1376
direction,1,1,1377
director,1,1,1378
disagree,1,1,1379
disagreed,1,1,1380
disappearance,8,5,1381
disappearances,1,1,1386
disappeared,7,4,1387
disapprove,1,1,1391
disc,4,4,1392
discovered,1,1,1396
discuss,2,2,1397
discussion,2,2,1399
dismembered,2,2,1401
disorder,1,1,1403
display,2,2,1404
displaying,1,1,1406
dispute,2,2,1407
dissident,2,2,1409
district,1,1,1411
divide,1,1,1412
divided,1,1,1413
dkt,1,1,1414
dlr,1,1,1415
do,4,4,1416
documents,1,1,1420
doe,6,5,1421
does,1,1,1426
doesnt,2,1,1427
doing,3,2,1428
doubt,1,1,1430
down,4,4,1431
downtown,1,1,1435
dozen,1,1,1436
drafted,3,3,1437
drawn,1,1,1440
driver,2,2,1441
drove,2,2,1443
drug,1,1,1445
duan,1,1,1446
during,17,8,1447
each,1,1,1455
ear,2,2,1456
earlier,5,4,1458
early,3,3,1462
earned,1,1,1465
easier,1,1,1466
easily,1,1,1467
east,3,3,1468
eastern,1,1,1471
economic,2,2,1472
ed,6,6,1474
edgardo,1,1,1480
edgaro,1,1,1481
editor,1,1,1482
eduardo,5,4,1483
effect,1,1,1487
effectively,1,1,1488
efficient,1,1,1489
effort,2,2,1490
egg,1,1,1492
eight,2,2,1493
either,1,1,1495
elderly,1,1,1496
elected,6,5,1497
election,1,1,1502
elections,1,1,1503
eliad,1,1,1504
eliminate,1,1,1505
elite,1,1,1506
eluded,1,1,1507
embarrassed,1,1,1508
embassy,13,3,1509
embrace,1,1,1512
emigre,1,1,1513
emissary,1,1,1514
employee,1,1,1515
enacted,1,1,1516
enactment,1,1,1517
encouraged,1,1,1518
end,6,6,1519
ended,2,2,1525
enemy,2,2,1527
enforcement,1,1,1529
england,1,1,1530
engulfed,1,1,1531
enjoy,1,1,1532
enjoyed,1,1,1533
enough,1,1,1534
enraged,1,1,1535
ensure,1,1,1536
enter,1,1,1537
entered,1,1,1538
enthusiastic,1,1,1539
entire,1,1,1540
entitled,2,2,1541
entrance,2,2,1543
equally,1,1,1545
equivalent,1,1,1546
era,1,1,1547
erekat,4,2,1548
escaped,1,1,1550
especially,1,1,1551
established,3,3,1552
establishment,1,1,1555
estimated,2,2,1556
ethical,1,1,1558
european,4,4,1559
eva,1,1,1563
evacuated,1,1,1564
even,4,3,1565
evening,1,1,1568
ever,1,1,1569
every,1,1,1570
everything,1,1,1571
evidence,3,2,1572
ex,1,1,1574
example,2,2,1575
excesse,1,1,1577
exchange,2,2,1578
exerting,1,1,1580
exile,1,1,1581
expanding,1,1,1582
expected,3,3,1583
expert,4,2,1586
explain,1,1,1588
explode,2,2,1589
exploded,1,1,1591
explosion,17,2,1592
explosive,3,3,1594
explosives,1,1,1597
expose,1,1,1598
expressed,5,4,1599
extensive,1,1,1603
extradite,2,2,1604
extradited,3,3,1606
extradition,14,7,1609
extraterritorial,1,1,1616
eye,2,2,1617
face,2,2,1619
faced,1,1,1621
fact,1,1,1622
failed,2,2,1623
falkland,1,1,1625
fall,1,1,1626
familiar,1,1,1627
family,3,3,1628
fanfare,1,1,1631
far,3,2,1632
fast,2,2,1634
favor,1,1,1636
fear,1,1,1637
fearing,1,1,1638
federal,1,1,1639
feet,1,1,1640
fell,2,2,1641
felt,1,1,1643
female,3,2,1644
fence,1,1,1646
fernandez,1,1,1647
fernando,2,2,1648
few,4,4,1650
fewer,2,1,1654
fiat,2,2,1655
fidel,2,2,1657
fight,1,1,1659
fighting,1,1,1660
figure,1,1,1661
file,1,1,1662
filed,7,4,1663
filing,1,1,1667
filled,3,2,1668
finance,1,1,1670
finger,2,2,1671
finished,1,1,1673
fire,1,1,1674
firecracker,2,2,1675
firing,1,1,1677
first,4,3,1678
five,2,2,1681
flag,1,1,1683
flimsy,1,1,1684
focus,1,1,1685
foil,1,1,1686
follow,4,4,1687
followed,4,4,1691
follower,3,1,1695
following,1,1,1696
for,98,14,1697
force,3,3,1711
foreign,11,5,1714
foreigner,2,2,1719
forget,1,1,1721
formal,2,2,1722
formalize,1,1,1724
former,21,10,1725
forward,1,1,1735
found,4,3,1736
founding,1,1,1739
frantic,2,2,1740
free,1,1,1742
frei,6,4,1743
frequently,2,2,1747
fresh,3,3,1749
friday,19,8,1752
friends,1,1,1760
front,2,2,1761
fruit,1,1,1763
function,1,1,1764
further,2,2,1765
future,2,2,1767
galtieri,1,1,1769
gannon,1,1,1770
garce,2,2,1771
garcia,5,5,1773
garzon,25,6,1778
gathered,4,4,1784
gen,13,9,1788
general,11,4,1797
generally,2,2,1801
geneva,1,1,1803
genocidal,1,1,1804
genocide,12,6,1805
gently,1,1,1811
george,1,1,1812
german,3,1,1813
germany,6,1,1814
get,1,1,1815
getting,1,1,1816
ghastly,1,1,1817
girl,1,1,1818
give,5,3,1819
given,6,5,1822
giving,1,1,1827
glady,1,1,1828
glimpse,1,1,1829
glimpsed,1,1,1830
gmt,2,2,1831
goe,2,1,1833
good,3,2,1834
gossen,1,1,1836
got,1,1,1837
governing,3,3,1838
government,30,9,1841
grab,1,1,1850
graf,4,2,1851
granted,4,3,1853
grave,3,3,1856
great,1,1,1859
greece,1,1,1860
gripped,1,1,1861
grocery,1,1,1862
ground,2,2,1863
group,12,6,1865
groups,3,3,1871
grow,1,1,1874
growing,2,1,1875
guarantee,1,1,1876
guard,1,1,1877
guardian,1,1,1878
guest,1,1,1879
guided,1,1,1880
guilty,1,1,1881
gun,1,1,1882
gut,1,1,1883
had,24,8,1884
hague,1,1,1892
hair,1,1,1893
hama,6,2,1894
hamburg,1,1,1896
hampered,1,1,1897
hand,4,2,1898
handed,2,1,1900
handling,4,4,1901
happen,3,3,1905
happened,2,2,1908
happy,1,1,1910
har,2,2,1911
harakat,4,1,1913
harbor,1,1,1914
has,47,12,1915
have,47,10,1927
haven,3,2,1937
having,1,1,1939
he,72,13,1940
head,4,2,1953
heads,2,2,1955
health,1,1,1957
heard,2,2,1958
hearing,7,3,1960
heated,1,1,1963
heavyset,1,1,1964
held,11,8,1965
help,2,2,1973
helped,1,1,1975
henriquez,2,2,1976
her,2,1,1978
here,13,6,1979
herniated,4,4,1985
hero,4,2,1989
hide,2,1,1991
hiding,1,1,1992
high,5,3,1993
hijacker,1,1,1996
him,23,9,1997
hiriart,1,1,2006
his,49,12,2007
hold,3,3,2019
holding,2,2,2022
homa,2,2,2024
home,4,2,2026
homeland,1,1,2028
honor,1,1,2029
hood,2,2,2030
hospital,5,5,2032
hospitalized,2,2,2037
hotel,1,1,2039
hour,3,3,2040
house,1,1,2043
how,1,1,2044
howard,1,1,2045
however,9,6,2046
human,27,8,2052
humanity,7,4,2060
hundred,5,4,2064
hundreds,2,2,2068
hurt,1,1,2070
hysteria,1,1,2071
iberian,1,1,2072
ibero,7,3,2073
icon,1,1,2076
identified,1,1,2077
if,7,5,2078
ii,1,1,2083
illan,5,2,2084
immediate,2,2,2086
immediately,2,2,2088
immune,1,1,2090
immunities,1,1,2091
immunity,22,7,2092
implementation,2,2,2099
implemented,2,2,2101
implicated,2,2,2103
implication,4,2,2105
importance,1,1,2107
important,2,2,2108
imposed,1,1,2110
imprisoned,1,1,2111
impunity,1,1,2112
in,21,11,2113
inappropriate,1,1,2124
incarnate,1,1,2125
incident,1,1,2126
include,4,4,2127
included,1,1,2131
including,7,4,2132
increased,1,1,2136
indeed,1,1,2137
indefinitely,1,1,2138
independent,2,2,2139
indication,1,1,2141
indicted,2,2,2142
indictment,1,1,2144
individual,1,1,2145
industrial,1,1,2146
influence,2,1,2147
influential,2,2,2148
information,1,1,2150
informed,1,1,2151
infrastructure,2,2,2152
infringe,1,1,2154
initial,1,1,2155
initially,1,1,2156
injured,1,1,2157
innovative,1,1,2158
inquiry,1,1,2159
insisting,2,2,2160
inspired,1,1,2162
installations,1,1,2163
instead,1,1,2164
insulate,1,1,2165
insure,1,1,2166
intelligence,1,1,2167
interior,1,1,2168
international,22,6,2169
interpol,3,2,2175
interpretation,1,1,2177
interrogate,2,2,2178
intersection,2,2,2180
intervention,1,1,2182
interview,5,5,2183
into,17,9,2188
investigate,2,2,2197
investigating,5,4,2199
investigation,6,4,2203
investigations,1,1,2207
investigator,1,1,2208
investment,1,1,2209
inviolability,1,1,2210
involved,4,4,2211
involvement,4,4,2215
involving,3,2,2219
is,69,14,2221
islamabad,2,1,2235
islamic,8,3,2236
island,1,1,2239
israel,25,2,2240
israeli,11,2,2242
israels,2,2,2244
issue,1,1,2246
issued,5,4,2247
it,44,12,2251
its,1,1,2263
jack,1,1,2264
jacque,1,1,2265
jailed,1,1,2266
january,1,1,2267
jeremy,1,1,2268
jerusalem,11,2,2269
jewish,4,2,2271
joked,1,1,2273
jonathan,1,1,2274
jorge,1,1,2275
jose,1,1,2276
journal,1,1,2277
juan,3,3,2278
jubilantly,1,1,2281
judge,28,10,2282
judged,1,1,2292
judicial,8,6,2293
july,2,2,2299
junta,4,2,2301
jurisdiction,3,3,2303
just,9,5,2306
justice,2,2,2311
karadzic,1,1,2313
karadzics,1,1,2314
karlsruhe,1,1,2315
kathy,1,1,2316
kenya,3,2,2317
kicking,1,1,2319
kidnapped,3,2,2320
kidnapping,2,1,2322
kill,1,1,2323
killed,5,3,2324
killing,8,5,2327
kilometer,2,2,2332
king,1,1,2334
kl,1,1,2335
know,2,2,2336
known,2,1,2338
krauss,2,2,2339
labeled,1,1,2341
labor,7,3,2342
lacked,1,1,2345
laden,15,2,2346
laden0594,1,1,2348
lago,3,1,2349
langenglish,9,9,2350
large,5,3,2359
last,2,2,2362
late,2,2,2364
later,5,2,2366
latest,2,2,2368
latin,5,3,2370
launch,1,1,2373
launcher,1,1,2374
launching,1,1,2375
lavie,2,2,2376
law,24,7,2378
lawmaker,4,2,2385
lawsuit,1,1,2387
lawyer,5,4,2388
lay,4,2,2392
lb,1,1,2394
ld,11,6,2395
ld0105,1,1,2401
lead,1,1,2402
leader,11,7,2403
leading,3,2,2410
learning,1,1,2412
least,2,2,2413
leave,2,2,2415
led,3,2,2417
leeman,3,3,2419
left,5,5,2422
leftist,5,4,2427
legacy,1,1,2431
legal,15,6,2432
legally,1,1,2438
legged,2,2,2439
legislator,1,1,2441
legs,2,2,2442
leopoldo,1,1,2444
less,2,2,2445
lesson,1,1,2447
letelier,1,1,2448
letter,2,2,2449
life,10,9,2451
light,1,1,2460
lightly,1,1,2461
like,4,4,2462
limit,1,1,2466
line,3,3,2467
linking,1,1,2470
little,2,1,2471
live,1,1,2472
living,1,1,2473
local,1,1,2474
location,1,1,2475
london,26,9,2476
long,5,3,2485
longer,1,1,2488
look,2,1,2489
looked,2,2,2490
looking,1,1,2492
lori,1,1,2493
lost,1,1,2494
loved,2,2,2495
lr,1,1,2497
luxembourg,1,1,2498
m i c h a l           ��y  �,1,1,2499
machine,1,1,2500
made,4,4,2501
madrid,5,1,2505
magistrate,8,6,2506
mahane,2,2,2512
mahmud,1,1,2514
main,2,2,2515
maintained,1,1,2517
major,1,1,2518
majority,1,1,2519
make,3,3,2520
malvina,1,1,2523
mamdouh,1,1,2524
mandelson,1,1,2525
manifestation,1,1,2526
manuel,4,4,2527
many,3,3,2531
march,4,4,2534
marche,1,1,2538
maria,1,1,2539
mariano,1,1,2540
marin,1,1,2541
mario,2,2,2542
mark,2,2,2544
marked,2,2,2546
market,9,3,2548
marlise,1,1,2551
martinez,2,2,2552
mass,1,1,2554
material,4,4,2555
matter,6,5,2559
matute,2,2,2564
maverick,1,1,2566
maximum,1,1,2567
may,2,2,2568
me,3,3,2570
mean,1,1,2573
meant,1,1,2574
measure,1,1,2575
meddling,2,1,2576
media,2,2,2577
medical,2,2,2579
meet,2,2,2581
meeting,2,2,2583
member,5,5,2585
members,1,1,2590
memory,1,1,2591
menem,1,1,2592
metal,1,1,2593
meter,4,2,2594
mexico,1,1,2596
michael,4,2,2597
mid,2,2,2599
middle,1,1,2601
might,1,1,2602
mile,2,2,2603
militant,9,3,2605
militants,2,2,2608
military,20,8,2610
million,1,1,2618
minister,19,7,2619
ministry,1,1,2626
miracle,1,1,2627
mireya,1,1,2628
missile,2,1,2629
missing,1,1,2630
mission,1,1,2631
mladic,2,1,2632
mobilization,1,1,2633
mobilize,1,1,2634
model,1,1,2635
moderation,1,1,2636
modern,1,1,2637
mohammed,1,1,2638
monday,2,2,2639
month,4,4,2641
mordechai,1,1,2645
more,10,6,2646
most,8,4,2652
motion,1,1,2656
move,2,2,2657
moved,2,2,2659
mr,2,2,2661
much,1,1,2663
murder,12,5,2664
murdered,2,2,2669
murderer,2,2,2671
murdering,1,1,2673
muslim,9,1,2674
must,7,6,2675
my,2,2,2681
myriad,1,1,2683
n.y,5,5,2684
nabbed,1,1,2689
name,2,2,2690
names,1,1,2692
nation,2,2,2693
national,4,3,2695
nationality,2,2,2698
near,5,3,2700
nearby,1,1,2703
negotiator,2,2,2704
neighborhood,2,2,2706
neighboring,3,3,2708
neither,1,1,2711
netanyahu,5,2,2712
netanyahus,2,2,2714
neutrality,1,1,2716
new,24,14,2717
newborn,1,1,2731
news,5,5,2732
newspaper,1,1,2737
newspapers,1,1,2738
next,7,5,2739
night,4,3,2744
nk,1,1,2747
nn,1,1,2748
no,19,10,2749
non,1,1,2759
none,1,1,2760
nonessential,1,1,2761
noon,1,1,2762
nor,2,2,2763
normalcy,1,1,2765
northwestern,1,1,2766
not,25,10,2767
noted,2,2,2777
nothing,1,1,2779
notorious,1,1,2780
now,5,4,2781
number,4,4,2785
nuremberg,1,1,2789
ny,9,9,2790
nyt,11,5,2799
nyt19981017.0177,1,1,2804
nyt19981018.0098,1,1,2805
nyt19981018.0123,1,1,2806
nyt19981018.0160,1,1,2807
nyt19981018.0185,1,1,2808
obediently,1,1,2809
obligation,1,1,2810
obliged,1,1,2811
obvious,1,1,2812
occurred,1,1,2813
oct,4,4,2814
of,1,1,2818
off,7,3,2819
offense,1,1,2822
office,9,7,2823
officer,5,2,2830
official,20,9,2832
officials,1,1,2841
often,1,1,2842
old,5,5,2843
older,1,1,2848
omar,1,1,2849
on,68,14,2850
once,2,2,2864
one,22,10,2866
only,10,5,2876
opened,4,3,2881
operation,4,3,2884
opinion,2,1,2887
oporto,1,1,2888
opponent,4,3,2889
opposed,1,1,2892
opposing,1,1,2893
opposition,1,1,2894
optional,4,4,2895
or,11,6,2899
order,2,2,2905
orentlicher,1,1,2907
organization,6,4,2908
orlando,1,1,2912
osama,2,2,2913
other,15,7,2915
others,1,1,2922
ought,1,1,2923
our,1,1,2924
ousted,3,3,2925
out,9,4,2928
outcome,1,1,2932
outcry,1,1,2933
outdoor,1,1,2934
outside,4,4,2935
over,10,8,2939
overlooked,1,1,2947
overshadow,1,1,2948
overthrow,2,2,2949
own,2,2,2951
pacemaker,1,1,2953
packed,1,1,2954
page,1,1,2955
pain,1,1,2956
painful,1,1,2957
pakistan,9,1,2958
pakistani,1,1,2959
palestine,2,2,2960
palestinian,26,2,2962
pari,1,1,2964
parks,1,1,2965
parliament,1,1,2966
part,2,1,2967
particularly,1,1,2968
party,7,3,2969
passport,8,6,2972
past,2,2,2978
patted,1,1,2980
peace,9,2,2981
pear,1,1,2983
pending,1,1,2984
people,16,9,2985
percent,6,3,2994
performance,1,1,2997
perhap,1,1,2998
period,2,2,2999
person,1,1,3001
personal,2,1,3002
personnel,1,1,3003
peshawar,1,1,3004
peter,1,1,3005
petition,1,1,3006
petitions,1,1,3007
pfg,1,1,3008
photograph,1,1,3009
pickup,1,1,3010
piece,1,1,3011
pinochet,150,10,3012
pinochets,1,1,3022
pirate,1,1,3023
place,5,4,3024
placed,4,3,3028
plan,1,1,3031
planned,3,3,3032
planning,1,1,3035
plastic,2,1,3036
play,1,1,3037
playing,2,2,3038
please,2,1,3040
pledged,1,1,3041
plo,2,2,3042
pnc,2,2,3044
point,5,4,3046
polarized,1,1,3050
police,32,12,3051
policeman,1,1,3063
policemen,1,1,3064
policy,2,2,3065
polishing,1,1,3067
politic,2,1,3068
political,16,7,3069
politically,1,1,3076
politician,2,1,3077
pollster,1,1,3078
pool,2,2,3079
poos,1,1,3081
pop,2,2,3082
popular,1,1,3084
porto,2,2,3085
portrayed,1,1,3087
portugal,4,4,3088
position,2,2,3092
possible,5,4,3094
possibly,1,1,3098
post,4,4,3099
poster,1,1,3103
potentially,1,1,3104
power,8,6,3105
powerful,2,2,3111
precedent,1,1,3113
predictably,1,1,3114
prematurely,2,2,3115
presence,1,1,3117
president,15,9,3118
presidential,1,1,3127
press,10,8,3128
pressure,2,2,3136
presumed,1,1,3138
pretty,1,1,3139
prevent,1,1,3140
previous,1,1,3141
previously,2,2,3142
prime,5,5,3144
principle,2,1,3149
prior,2,2,3150
prison,1,1,3152
prisoner,1,1,3153
privatized,1,1,3154
privilege,2,1,3155
probably,1,1,3156
probe,8,3,3157
probing,1,1,3160
problem,2,2,3161
procedure,3,2,3163
proceed,1,1,3165
proceeding,1,1,3166
process,4,2,3167
processe,1,1,3169
produced,2,2,3170
professor,5,2,3172
professorial,1,1,3174
profile,10,10,3175
prominent,1,1,3185
promise,1,1,3186
promised,2,2,3187
promoter,1,1,3189
promotion,1,1,3190
prompted,1,1,3191
proper,1,1,3192
prophet,2,1,3193
prosecute,1,1,3194
prosecuted,1,1,3195
prosecution,7,3,3196
prosecutor,1,1,3199
protected,1,1,3200
protection,1,1,3201
protest,8,4,3202
protested,2,2,3206
protester,3,3,3208
protesting,1,1,3211
provide,1,1,3212
provided,1,1,3213
providing,1,1,3214
public,2,1,3215
punishment,2,2,3216
purely,1,1,3218
purpose,1,1,3219
pursue,2,2,3220
push,1,1,3222
pushed,1,1,3223
put,3,3,3224
pv,1,1,3227
qaeda,1,1,3228
qc,14,7,3229
ql,13,13,3236
quest,1,1,3249
question,11,6,3250
questioned,1,1,3256
questioning,1,1,3257
quote,2,2,3258
radical,1,1,3260
radio,5,4,3261
radovan,1,1,3265
rahel,2,2,3266
raid,1,1,3268
raided,2,1,3269
raise,1,1,3270
raising,1,1,3271
ran,2,2,3272
ranging,1,1,3274
rather,1,1,3275
ratification,6,2,3276
ratified,2,2,3278
ratko,1,1,3280
razor,1,1,3281
rb,1,1,3282
reach,1,1,3283
reached,2,2,3284
reacting,1,1,3286
reaction,3,3,3287
read,1,1,3290
reaffirm,2,2,3291
real,1,1,3293
really,1,1,3294
reason,3,3,3295
recasts,2,2,3298
received,3,3,3300
receiving,2,1,3303
recent,5,5,3304
recognize,3,2,3309
reconvene,1,1,3311
record,1,1,3312
recovered,1,1,3313
recovering,1,1,3314
recuperating,1,1,3315
red,3,2,3316
refer,1,1,3318
reference,1,1,3319
referring,1,1,3320
reflected,1,1,3321
refused,5,3,3322
regafri,7,7,3325
regard,1,1,3332
regasia,6,6,3333
regbrit,8,8,3339
regengl,9,9,3347
regeuro,8,8,3356
regime,14,5,3364
regindi,6,6,3369
regmest,7,7,3375
regscan,8,8,3382
regular,1,1,3390
regularly,1,1,3391
reisman,1,1,3392
related,2,2,3393
relation,3,3,3395
relative,2,2,3398
release,3,3,3400
released,3,2,3403
relentless,1,1,3405
remain,1,1,3406
remained,5,5,3407
remaining,1,1,3412
remains,1,1,3413
remarkable,1,1,3414
removing,1,1,3415
reopened,1,1,3416
repeatedly,1,1,3417
report,2,2,3418
reported,2,2,3420
reportedly,2,2,3422
reporter,1,1,3424
represent,1,1,3425
representing,2,1,3426
repression,2,1,3427
reprisal,1,1,3428
request,17,8,3429
require,3,3,3437
required,2,1,3440
rescue,1,1,3441
research,1,1,3442
reservation,1,1,3443
residence,2,1,3444
resisted,1,1,3445
respect,2,2,3446
respected,1,1,3448
responded,1,1,3449
responding,1,1,3450
response,3,3,3451
responsibility,4,4,3454
responsible,3,3,3458
rest,1,1,3461
result,1,1,3462
resume,1,1,3463
resumed,1,1,3464
retaliate,1,1,3465
retaliated,1,1,3466
retaliation,1,1,3467
retired,3,2,3468
retirement,2,2,3470
return,2,2,3472
revealing,1,1,3474
revile,1,1,3475
revoking,1,1,3476
reward,1,1,3477
ricardo,1,1,3478
richard,1,1,3479
ridiculed,1,1,3480
right,31,10,3481
rightist,2,1,3491
rights,1,1,3492
ringing,2,2,3493
risk,2,2,3495
river,2,2,3497
road,1,1,3499
robert,1,1,3500
robin,1,1,3501
rocked,1,1,3502
rocket,1,1,3503
role,2,2,3504
rome,1,1,3506
ruiz,1,1,3507
rule,9,6,3508
ruled,3,2,3514
ruler,2,2,3516
run,1,1,3518
running,1,1,3519
ruthless,1,1,3520
rwanda,1,1,3521
s c h o o l             ��y  �        ��,1,1,3522
sabbath,6,2,3523
sabotage,2,2,3525
saeb,2,2,3527
safe,4,2,3529
sahaba,2,1,3531
said,100,14,3532
salim,2,1,3546
salvador,5,5,3547
same,3,2,3552
samuel,1,1,3554
santiago,6,4,3555
saturday,9,5,3559
saudi,2,2,3564
saw,2,2,3566
say,9,7,3568
saying,3,2,3575
scale,1,1,3577
scene,1,1,3578
scholar,3,2,3579
school,1,1,3581
schuebel,2,1,3582
scl,3,3,3583
scolded,1,1,3586
score,1,1,3587
scorn,1,1,3588
scotland,4,4,3589
screaming,1,1,3593
sea,1,1,3594
search,1,1,3595
second,2,2,3596
secret,2,1,3598
secretary,7,5,3599
section,1,1,3604
security,9,6,3605
see,4,4,3611
seek,2,2,3615
seeking,2,2,3617
seem,1,1,3619
seemed,2,2,3620
seemingly,1,1,3622
seized,3,3,3623
self,1,1,3626
sen,1,1,3627
senate,1,1,3628
senator,12,8,3629
send,1,1,3637
senior,5,3,3638
sensational,1,1,3641
sensitive,1,1,3642
sent,2,2,3643
sentence,1,1,3645
sept,3,3,3646
september,1,1,3649
sequera,1,1,3650
sequestered,1,1,3651
serb,1,1,3652
serious,2,2,3653
served,3,1,3655
service,5,5,3656
serving,1,1,3661
sery,1,1,3662
session,4,2,3663
set,10,7,3665
setting,1,1,3672
seven,1,1,3673
several,9,6,3674
shadow,1,1,3680
sharp,1,1,3681
she,7,5,3682
sheltering,1,1,3687
shiite,1,1,3688
shook,2,2,3689
shopper,6,2,3691
shopping,6,2,3693
shortly,1,1,3695
shot,2,2,3696
should,2,2,3698
shout,2,2,3700
shouted,3,2,3702
show,2,2,3704
showed,2,1,3706
shown,2,2,3707
shrugged,1,1,3709
side,2,1,3710
sign,1,1,3711
signatories,1,1,3712
significance,1,1,3713
similar,3,3,3714
simon,1,1,3717
since,6,3,3718
single,1,1,3721
sipah,2,1,3722
sit,1,1,3723
site,6,4,3724
situation,2,2,3728
sky,1,1,3730
slaying,1,1,3731
slbc,9,9,3732
slowly,2,2,3741
small,3,3,3743
smoke,3,2,3746
so,7,4,3748
social,1,1,3752
socialist,3,2,3753
socialists,1,1,3755
society,1,1,3756
sodden,1,1,3757
soil,1,1,3758
soldier,4,2,3759
some,11,8,3761
something,1,1,3769
somewhat,2,1,3770
son,2,2,3771
soon,3,2,3773
soot,2,2,3775
sound,2,2,3777
south,2,1,3779
sovereignty,1,1,3780
spain,13,5,3781
spaniard,5,4,3786
spanish,54,10,3790
speak,1,1,3800
speaking,1,1,3801
special,2,2,3802
specific,1,1,3804
specifically,2,1,3805
spectacular,1,1,3806
spell,2,2,3807
spent,1,1,3809
spinal,1,1,3810
splendidly,1,1,3811
spoke,1,1,3812
spokesman,3,2,3813
spokeswoman,4,2,3815
spot,1,1,3817
spring,1,1,3818
staff,3,2,3819
start,4,2,3821
started,1,1,3823
state,16,6,3824
statement,8,6,3830
status,2,1,3836
stay,1,1,3837
steadily,1,1,3838
step,5,4,3839
stepped,2,2,3843
still,6,4,3845
stir,1,1,3849
stockpiled,1,1,3850
stop,4,3,3851
story,18,14,3854
strategy,1,1,3868
straw,1,1,3869
stream,2,2,3870
street,8,4,3872
strengthen,2,2,3876
strict,1,1,3878
strike,1,1,3879
string,1,1,3880
strong,3,3,3881
strongman,1,1,3884
strongmen,1,1,3885
struggle,1,1,3886
stubbornly,1,1,3887
stuff,1,1,3888
stumbled,2,2,3889
sub,2,1,3891
subject,1,1,3892
subs,1,1,3893
succeeded,1,1,3894
success,1,1,3895
successor,1,1,3896
such,2,1,3897
suddenly,1,1,3898
sue,3,3,3899
suggesting,5,3,3902
suitcase,2,2,3905
summit,10,4,3907
sunday,8,3,3911
sunni,1,1,3914
sunny,1,1,3915
support,6,4,3916
supporter,5,3,3920
supporting,1,1,3923
supportive,1,1,3924
surgery,10,5,3925
surprise,1,1,3930
surrounded,1,1,3931
suspect,2,2,3932
suspected,3,3,3934
suspend,5,2,3937
suspended,1,1,3939
suspending,2,2,3940
sw,1,1,3942
sworn,3,3,3943
system,2,2,3946
systemic,1,1,3948
taf,3,3,3949
tagle,1,1,3952
take,8,5,3953
taken,4,3,3958
taking,2,2,3961
taliban,2,1,3963
talking,2,2,3964
tanzania,3,2,3966
tc,1,1,3968
tearfully,1,1,3969
teeth,1,1,3970
television,6,3,3971
tenn,1,1,3974
tense,1,1,3975
term,1,1,3976
termed,1,1,3977
terror,2,2,3978
terrorism,15,7,3980
terrorist,10,5,3987
terrorists,1,1,3992
testify,1,1,3993
than,8,5,3994
that,108,14,3999
the,62,12,4013
their,22,9,4025
them,3,2,4034
themselve,4,2,4036
then,4,2,4038
theoretically,1,1,4040
theory,1,1,4041
there,9,5,4042
thereby,1,1,4047
thereve,1,1,4048
these,4,2,4049
they,25,9,4051
think,1,1,4060
third,4,3,4061
this,16,7,4064
thoma,1,1,4071
thoroughfare,2,2,4072
those,5,4,4074
though,1,1,4078
thought,2,1,4079
threat,5,2,4080
threatened,1,1,4082
three,3,3,4083
through,5,4,4086
throughout,4,2,4090
throwing,1,1,4092
thursday,1,1,4093
thus,1,1,4094
tight,3,3,4095
tightened,1,1,4098
tightening,1,1,4099
time,10,8,4100
tip,1,1,4108
tire,2,2,4109
to,194,14,4111
told,4,4,4125
tomahawk,1,1,4129
tony,2,2,4130
too,1,1,4132
took,3,3,4133
top,3,3,4136
topping,1,1,4139
torture,11,5,4140
tortured,1,1,4145
torturing,1,1,4146
tory,2,1,4147
total,1,1,4148
toward,4,2,4149
traced,1,1,4151
trade,1,1,4152
traditional,1,1,4153
traditionally,2,2,4154
traffic,1,1,4156
trafficking,1,1,4157
train,1,1,4158
training,1,1,4159
transcend,1,1,4160
transit,1,1,4161
transmitted,1,1,4162
travel,3,3,4163
traveled,2,2,4166
traveling,1,1,4168
treating,1,1,4169
treatment,2,2,4170
treaty,1,1,4172
trend,1,1,4173
trial,2,2,4174
tribunal,2,2,4176
tried,4,3,4178
truck,1,1,4181
try,5,2,4182
trying,3,2,4184
tta,2,2,4186
tuesday,1,1,4188
turbulence,1,1,4189
turbulent,1,1,4190
turn,1,1,4191
turned,3,2,4192
turning,2,2,4194
tv,1,1,4196
twisted,1,1,4197
two,20,8,4198
type,1,1,4206
u.,20,5,4207
u.n,2,2,4212
u.s,3,2,4214
ul,1,1,4216
unaccounted,1,1,4217
uncensored,1,1,4218
uncomfortable,4,3,4219
under,24,9,4222
understand,1,1,4231
understanding,1,1,4232
underwent,4,4,4233
unelected,1,1,4237
unidentified,1,1,4238
unit,1,1,4239
united,10,5,4240
universal,2,2,4245
university,3,2,4247
unless,1,1,4249
unmarked,1,1,4250
unprecedented,1,1,4251
unspecified,1,1,4252
unthinkable,1,1,4253
until,8,8,4254
untouched,1,1,4262
unusual,2,2,4263
unwilling,1,1,4265
up,13,8,4266
update,1,1,4274
updates,4,4,4275
upon,1,1,4279
upscale,1,1,4280
ur,23,8,4281
urged,2,2,4289
uruguay,2,2,4291
us,6,3,4293
used,1,1,4296
usually,1,1,4297
utter,1,1,4298
vague,1,1,4299
van,1,1,4300
vanderbilt,1,1,4301
various,3,1,4302
venerable,1,1,4303
verify,2,2,4304
version,1,1,4306
very,2,2,4307
victim,3,2,4309
victims,1,1,4311
videla,1,1,4312
videotape,1,1,4313
vienna,1,1,4314
viewing,2,1,4315
vigorous,2,2,4316
villain,1,1,4318
violation,2,2,4319
violations,6,4,4321
violator,1,1,4325
violators,2,2,4326
violence,2,2,4328
violent,2,2,4330
virtually,1,1,4332
visit,2,2,4333
visitor,1,1,4335
vivian,1,1,4336
voicing,1,1,4337
vote,4,2,4338
voted,1,1,4340
vs/krt,1,1,4341
w a t s o n,1,1,4342
w1148,1,1,4343
w1150,1,1,4344
w1183,1,1,4345
w1209,1,1,4346
w1339,1,1,4347
w1371,1,1,4348
w2106,1,1,4349
w2283,1,1,4350
w2985,1,1,4351
waited,1,1,4352
waiting,2,2,4353
walking,2,2,4355
walled,1,1,4357
want,3,2,4358
wanted,3,3,4360
war,11,6,4363
warn,1,1,4369
warned,1,1,4370
warning,1,1,4371
warrant,15,8,4372
warsi,1,1,4380
warsis,1,1,4381
wartime,1,1,4382
was,69,14,4383
washington,7,3,4397
wasnt,1,1,4400
watching,1,1,4401
water,3,3,4402
way,2,2,4405
we,9,6,4407
wednesday,8,5,4413
week,8,5,4418
weekend,1,1,4423
weigh,1,1,4424
weight,1,1,4425
well,3,3,4426
went,6,3,4429
were,19,8,4432
west,4,2,4440
western,1,1,4442
what,11,10,4443
when,19,9,4453
where,9,4,4462
whereabout,1,1,4466
whereabouts,2,2,4467
whether,2,1,4469
which,26,9,4470
while,10,8,4479
who,41,12,4487
whom,1,1,4499
whose,1,1,4500
wide,3,1,4501
widely,1,1,4502
widened,1,1,4503
will,14,9,4504
willingness,1,1,4513
window,3,3,4514
wing,2,2,4517
wire,3,2,4519
wish,1,1,4521
wished,2,2,4522
with,1,1,4524
withdraw,2,2,4525
withdrew,1,1,4527
within,3,2,4528
without,1,1,4530
witness,1,1,4531
witnesse,1,1,4532
woman,2,1,4533
word,5,5,4534
work,1,1,4539
worker,2,2,4540
works,1,1,4542
world,6,2,4543
worldwide,2,2,4545
would,21,9,4547
wounded,2,2,4556
wrenching,1,1,4558
writer,7,7,4559
writethru,15,6,4566
writethru0847,1,1,4572
wstm,9,9,4573
wye,2,2,4582
yair,1,1,4584
yale,1,1,4585
yard,4,4,4586
yards,4,2,4590
yasser,2,2,4592
year,20,9,4594
yehuda,2,2,4603
yet,1,1,4605
yitzhak,1,1,4606
young,3,2,4607
zaken,4,2,4609
zone,1,1,4611
